{
  "Table": {
    "AttributeDefinitions": [
      {
        "AttributeName": "id",
        "AttributeType": "S"
      },
      {
        "AttributeName": "createdAt",
        "AttributeType": "S"
      }
    ],
    "TableName": "SHASHKIWIKIBoard",
    "KeySchema": [
      {
        "AttributeName": "id",
        "KeyType": "HASH"
      },
      {
        "AttributeName": "createdAt",
        "KeyType": "RANGE"
      }
    ],
    "TableStatus": "ACTIVE",
    "CreationDateTime": 1529685256.879,
    "ProvisionedThroughput": {
      "LastIncreaseDateTime": 0.0,
      "LastDecreaseDateTime": 0.0,
      "NumberOfDecreasesToday": 0,
      "ReadCapacityUnits": 5,
      "WriteCapacityUnits": 5
    },
    "TableSizeBytes": 261205,
    "ItemCount": 173,
    "TableArn": "arn:aws:dynamodb:ddblocal:000000000000:table/SHASHKIWIKIBoard"
  }
}