{
  "Table": {
    "AttributeDefinitions": [
      {
        "AttributeName": "id",
        "AttributeType": "S"
      },
      {
        "AttributeName": "createdAt",
        "AttributeType": "S"
      }
    ],
    "TableName": "SHASHKIWIKINotation",
    "KeySchema": [
      {
        "AttributeName": "id",
        "KeyType": "HASH"
      },
      {
        "AttributeName": "createdAt",
        "KeyType": "RANGE"
      }
    ],
    "TableStatus": "ACTIVE",
    "CreationDateTime": 1529685256.898,
    "ProvisionedThroughput": {
      "LastIncreaseDateTime": 0.0,
      "LastDecreaseDateTime": 0.0,
      "NumberOfDecreasesToday": 0,
      "ReadCapacityUnits": 5,
      "WriteCapacityUnits": 5
    },
    "TableSizeBytes": 2987,
    "ItemCount": 4,
    "TableArn": "arn:aws:dynamodb:ddblocal:000000000000:table/SHASHKIWIKINotation"
  }
}