{
  "Table": {
    "AttributeDefinitions": [
      {
        "AttributeName": "id",
        "AttributeType": "S"
      },
      {
        "AttributeName": "createdAt",
        "AttributeType": "S"
      },
      {
        "AttributeName": "humanReadableUrl",
        "AttributeType": "S"
      },
      {
        "AttributeName": "articleStatus",
        "AttributeType": "S"
      }
    ],
    "TableName": "SHASHKIWIKIArticle",
    "KeySchema": [
      {
        "AttributeName": "id",
        "KeyType": "HASH"
      },
      {
        "AttributeName": "createdAt",
        "KeyType": "RANGE"
      }
    ],
    "TableStatus": "ACTIVE",
    "CreationDateTime": 1529685256.79,
    "ProvisionedThroughput": {
      "LastIncreaseDateTime": 0.0,
      "LastDecreaseDateTime": 0.0,
      "NumberOfDecreasesToday": 0,
      "ReadCapacityUnits": 5,
      "WriteCapacityUnits": 5
    },
    "TableSizeBytes": 3197,
    "ItemCount": 1,
    "TableArn": "arn:aws:dynamodb:ddblocal:000000000000:table/SHASHKIWIKIArticle",
    "GlobalSecondaryIndexes": [
      {
        "IndexName": "humanReadableUrlIndex",
        "KeySchema": [
          {
            "AttributeName": "humanReadableUrl",
            "KeyType": "HASH"
          }
        ],
        "Projection": {
          "ProjectionType": "ALL"
        },
        "IndexStatus": "ACTIVE",
        "ProvisionedThroughput": {
          "ReadCapacityUnits": 5,
          "WriteCapacityUnits": 5
        },
        "IndexSizeBytes": 3197,
        "ItemCount": 1,
        "IndexArn": "arn:aws:dynamodb:ddblocal:000000000000:table/SHASHKIWIKIArticle/index/humanReadableUrlIndex"
      },
      {
        "IndexName": "articleStatusIndex",
        "KeySchema": [
          {
            "AttributeName": "articleStatus",
            "KeyType": "HASH"
          }
        ],
        "Projection": {
          "ProjectionType": "ALL"
        },
        "IndexStatus": "ACTIVE",
        "ProvisionedThroughput": {
          "ReadCapacityUnits": 5,
          "WriteCapacityUnits": 5
        },
        "IndexSizeBytes": 3197,
        "ItemCount": 1,
        "IndexArn": "arn:aws:dynamodb:ddblocal:000000000000:table/SHASHKIWIKIArticle/index/articleStatusIndex"
      },
      {
        "IndexName": "articleIdIndex",
        "KeySchema": [
          {
            "AttributeName": "id",
            "KeyType": "HASH"
          }
        ],
        "Projection": {
          "ProjectionType": "ALL"
        },
        "IndexStatus": "ACTIVE",
        "ProvisionedThroughput": {
          "ReadCapacityUnits": 5,
          "WriteCapacityUnits": 5
        },
        "IndexSizeBytes": 3197,
        "ItemCount": 1,
        "IndexArn": "arn:aws:dynamodb:ddblocal:000000000000:table/SHASHKIWIKIArticle/index/articleIdIndex"
      }
    ]
  }
}