{
  "Table": {
    "AttributeDefinitions": [
      {
        "AttributeName": "id",
        "AttributeType": "S"
      },
      {
        "AttributeName": "createdAt",
        "AttributeType": "S"
      }
    ],
    "TableName": "SHASHKIWIKIBoardBox",
    "KeySchema": [
      {
        "AttributeName": "id",
        "KeyType": "HASH"
      },
      {
        "AttributeName": "createdAt",
        "KeyType": "RANGE"
      }
    ],
    "TableStatus": "ACTIVE",
    "CreationDateTime": 1529685256.84,
    "ProvisionedThroughput": {
      "LastIncreaseDateTime": 0.0,
      "LastDecreaseDateTime": 0.0,
      "NumberOfDecreasesToday": 0,
      "ReadCapacityUnits": 5,
      "WriteCapacityUnits": 5
    },
    "TableSizeBytes": 1709,
    "ItemCount": 4,
    "TableArn": "arn:aws:dynamodb:ddblocal:000000000000:table/SHASHKIWIKIBoardBox",
    "GlobalSecondaryIndexes": [
      {
        "IndexName": "boardBoxIndex",
        "KeySchema": [
          {
            "AttributeName": "id",
            "KeyType": "HASH"
          },
          {
            "AttributeName": "createdAt",
            "KeyType": "RANGE"
          }
        ],
        "Projection": {
          "ProjectionType": "KEYS_ONLY"
        },
        "IndexStatus": "ACTIVE",
        "ProvisionedThroughput": {
          "ReadCapacityUnits": 5,
          "WriteCapacityUnits": 5
        },
        "IndexSizeBytes": 1709,
        "ItemCount": 4,
        "IndexArn": "arn:aws:dynamodb:ddblocal:000000000000:table/SHASHKIWIKIBoardBox/index/boardBoxIndex"
      }
    ]
  }
}