{
  "Items": [
    {
      "notationId": {
        "M": {
          "createdAt": {
            "S": "2018-06-22T21:32:23.957749"
          },
          "id": {
            "S": "2AKUCMhpUzt2r5JRuZU3"
          }
        }
      },
      "createdAt": {
        "S": "2018-06-22T21:32:23.913472"
      },
      "task": {
        "BOOL": false
      },
      "readonly": {
        "N": "0"
      },
      "idInArticle": {
        "N": "3"
      },
      "editMode": {
        "S": "EDIT"
      },
      "articleId": {
        "M": {
          "createdAt": {
            "S": "2018-06-22T20:55:13.193099"
          },
          "id": {
            "S": "06kpa9Zxiey7hGFv9h1H"
          }
        }
      },
      "boardId": {
        "M": {
          "createdAt": {
            "S": "2018-06-22T22:00:02.718710"
          },
          "id": {
            "S": "EyQHq89IY4KJi6Sy6tMs"
          }
        }
      },
      "id": {
        "S": "pokxTBWbXNeK930N01Bk"
      },
      "userId": {
        "M": {
          "createdAt": {
            "S": "2018-06-22T20:54:56.545676"
          },
          "id": {
            "S": "Caa5RSFNX6v0OggI33El"
          }
        }
      },
      "taskIdInArticle": {
        "N": "0"
      },
      "updatedAt": {
        "S": "2018-06-22T23:26:19.303214"
      }
    },
    {
      "notationId": {
        "M": {
          "createdAt": {
            "S": "2018-06-22T20:59:51.685129"
          },
          "id": {
            "S": "nK515YND4v9KzCnIM2af"
          }
        }
      },
      "createdAt": {
        "S": "2018-06-22T20:59:51.579723"
      },
      "task": {
        "BOOL": false
      },
      "readonly": {
        "N": "0"
      },
      "idInArticle": {
        "N": "2"
      },
      "editMode": {
        "S": "EDIT"
      },
      "articleId": {
        "M": {
          "createdAt": {
            "S": "2018-06-22T20:55:13.193099"
          },
          "id": {
            "S": "06kpa9Zxiey7hGFv9h1H"
          }
        }
      },
      "boardId": {
        "M": {
          "createdAt": {
            "S": "2018-06-22T21:09:26.234027"
          },
          "id": {
            "S": "OfWdmRAE71Jkp9c5t4OY"
          }
        }
      },
      "id": {
        "S": "ALVkGItL7edG9Tjfw7Jf"
      },
      "userId": {
        "M": {
          "createdAt": {
            "S": "2018-06-22T20:54:56.545676"
          },
          "id": {
            "S": "Caa5RSFNX6v0OggI33El"
          }
        }
      },
      "taskIdInArticle": {
        "N": "0"
      },
      "updatedAt": {
        "S": "2018-06-22T23:26:19.303213"
      }
    },
    {
      "notationId": {
        "M": {
          "createdAt": {
            "S": "2018-06-22T20:55:23.482629"
          },
          "id": {
            "S": "SxaoKodRJA73RIPWzsdE"
          }
        }
      },
      "createdAt": {
        "S": "2018-06-22T20:55:13.191931"
      },
      "task": {
        "BOOL": false
      },
      "readonly": {
        "N": "0"
      },
      "idInArticle": {
        "N": "1"
      },
      "editMode": {
        "S": "PLACE"
      },
      "articleId": {
        "M": {
          "createdAt": {
            "S": "2018-06-22T20:55:13.193099"
          },
          "id": {
            "S": "06kpa9Zxiey7hGFv9h1H"
          }
        }
      },
      "boardId": {
        "M": {
          "createdAt": {
            "S": "2018-06-22T20:59:25.873875"
          },
          "id": {
            "S": "bjC6yu3c5lSRBC4r8zJV"
          }
        }
      },
      "id": {
        "S": "GXVo44xFhUw0jo7sOJDB"
      },
      "userId": {
        "M": {
          "createdAt": {
            "S": "2018-06-22T20:54:56.545676"
          },
          "id": {
            "S": "Caa5RSFNX6v0OggI33El"
          }
        }
      },
      "taskIdInArticle": {
        "N": "0"
      },
      "updatedAt": {
        "S": "2018-06-22T23:26:19.303195"
      }
    },
    {
      "notationId": {
        "M": {
          "createdAt": {
            "S": "2018-06-22T23:28:28.863464"
          },
          "id": {
            "S": "Eanh1IkF2lRUM5YkVLuc"
          }
        }
      },
      "createdAt": {
        "S": "2018-06-22T23:28:28.591819"
      },
      "task": {
        "BOOL": false
      },
      "readonly": {
        "N": "0"
      },
      "idInArticle": {
        "N": "4"
      },
      "editMode": {
        "S": "EDIT"
      },
      "articleId": {
        "M": {
          "createdAt": {
            "S": "2018-06-22T20:55:13.193099"
          },
          "id": {
            "S": "06kpa9Zxiey7hGFv9h1H"
          }
        }
      },
      "boardId": {
        "M": {
          "createdAt": {
            "S": "2018-06-23T00:02:31.741083"
          },
          "id": {
            "S": "EZGUduHUeGe6XvRyt1jf"
          }
        }
      },
      "id": {
        "S": "Y7B3FEp4ZdB7nPSItSnm"
      },
      "userId": {
        "M": {
          "createdAt": {
            "S": "2018-06-22T20:54:56.545676"
          },
          "id": {
            "S": "Caa5RSFNX6v0OggI33El"
          }
        }
      },
      "taskIdInArticle": {
        "N": "0"
      },
      "updatedAt": {
        "S": "2018-06-23T00:02:32.352327"
      }
    }
  ],
  "Count": 4,
  "ScannedCount": 4
}