{
  "Items": [
    {
      "createdAt": {
        "S": "2018-06-22T21:32:23.957749"
      },
      "readonly": {
        "N": "0"
      },
      "format": {
        "S": "ALPHANUMERIC"
      },
      "rules": {
        "S": "INTERNATIONAL"
      },
      "id": {
        "S": "2AKUCMhpUzt2r5JRuZU3"
      },
      "notationHistoryId": {
        "M": {
          "createdAt": {
            "S": "2018-06-22T21:35:04.281660"
          },
          "id": {
            "S": "14KuPw2rmkgjIPzyMYvp"
          }
        }
      },
      "boardBoxId": {
        "M": {
          "createdAt": {
            "S": "2018-06-22T21:32:23.913472"
          },
          "id": {
            "S": "pokxTBWbXNeK930N01Bk"
          }
        }
      },
      "notationFen": {
        "M": {
          "size": {
            "N": "5"
          },
          "white": {
            "S": "{\"squares\":[{\"k\":false,\"number\":\"27\"},{\"k\":false,\"number\":\"28\"},{\"k\":false,\"number\":\"32\"},{\"k\":false,\"number\":\"34\"},{\"k\":false,\"number\":\"37\"}]}"
          },
          "blackTurn": {
            "N": "1"
          },
          "black": {
            "S": "{\"squares\":[{\"k\":false,\"number\":\"16\"},{\"k\":false,\"number\":\"18\"},{\"k\":false,\"number\":\"21\"},{\"k\":false,\"number\":\"24\"},{\"k\":false,\"number\":\"26\"}]}"
          },
          "asString": {
            "S": "[FEN \"B:W27,28,32,34,37:B16,18,21,24,26\"]"
          },
          "turn": {
            "S": "B"
          },
          "userId": {
            "M": {
              "createdAt": {
                "S": "2018-06-22T21:33:13.433677"
              },
              "id": {
                "S": "dwVqej7j4ZaA4WypBmbR"
              }
            }
          }
        }
      },
      "updatedAt": {
        "S": "2018-06-22T21:53:06.753288"
      },
      "tags": {
        "S": "{\"Event\":\"\",\"Site\":\"\",\"Date\":\"\",\"Round\":\"\",\"White\":\"\",\"Black\":\"\",\"Result\":\"\",\"FEN\":\"\"}"
      }
    },
    {
      "createdAt": {
        "S": "2018-06-22T20:55:23.482629"
      },
      "readonly": {
        "N": "0"
      },
      "format": {
        "S": "ALPHANUMERIC"
      },
      "rules": {
        "S": "INTERNATIONAL"
      },
      "id": {
        "S": "SxaoKodRJA73RIPWzsdE"
      },
      "notationHistoryId": {
        "M": {
          "createdAt": {
            "S": "2018-06-22T20:59:00.523595"
          },
          "id": {
            "S": "RIyezTK7zEJS5SjkY3u8"
          }
        }
      },
      "boardBoxId": {
        "M": {
          "createdAt": {
            "S": "2018-06-22T20:55:13.191931"
          },
          "id": {
            "S": "GXVo44xFhUw0jo7sOJDB"
          }
        }
      },
      "notationFen": {
        "M": {
          "black": {
            "S": "{\"squares\":[]}"
          },
          "asString": {
            "S": "[FEN \"W:W:B\"]"
          },
          "turn": {
            "S": "W"
          },
          "size": {
            "N": "0"
          },
          "white": {
            "S": "{\"squares\":[]}"
          },
          "blackTurn": {
            "N": "0"
          }
        }
      },
      "updatedAt": {
        "S": "2018-06-22T20:59:25.957213"
      },
      "tags": {
        "S": "{\"Event\":\"\",\"Site\":\"\",\"Date\":\"\",\"Round\":\"\",\"White\":\"\",\"Black\":\"\",\"Result\":\"\",\"FEN\":\"\"}"
      }
    },
    {
      "createdAt": {
        "S": "2018-06-22T23:28:28.863464"
      },
      "readonly": {
        "N": "0"
      },
      "format": {
        "S": "NUMERIC"
      },
      "rules": {
        "S": "INTERNATIONAL"
      },
      "id": {
        "S": "Eanh1IkF2lRUM5YkVLuc"
      },
      "notationHistoryId": {
        "M": {
          "createdAt": {
            "S": "2018-06-23T00:00:48.156514"
          },
          "id": {
            "S": "xuIgtCKwcH9naPc2YjKv"
          }
        }
      },
      "boardBoxId": {
        "M": {
          "createdAt": {
            "S": "2018-06-22T23:28:28.591819"
          },
          "id": {
            "S": "Y7B3FEp4ZdB7nPSItSnm"
          }
        }
      },
      "notationFen": {
        "M": {
          "size": {
            "N": "5"
          },
          "white": {
            "S": "{\"squares\":[{\"k\":false,\"number\":\"27\"},{\"k\":false,\"number\":\"32\"},{\"k\":false,\"number\":\"35\"},{\"k\":false,\"number\":\"37\"},{\"k\":false,\"number\":\"38\"}]}"
          },
          "blackTurn": {
            "N": "0"
          },
          "black": {
            "S": "{\"squares\":[{\"k\":false,\"number\":\"13\"},{\"k\":false,\"number\":\"16\"},{\"k\":false,\"number\":\"20\"},{\"k\":false,\"number\":\"21\"},{\"k\":false,\"number\":\"26\"}]}"
          },
          "asString": {
            "S": "[FEN \"W:W27,32,35,37,38:B13,16,20,21,26\"]"
          },
          "turn": {
            "S": "W"
          },
          "userId": {
            "M": {
              "createdAt": {
                "S": "2018-06-22T23:29:41.254289"
              },
              "id": {
                "S": "TW6Mor71yHXywurO2gcn"
              }
            }
          }
        }
      },
      "updatedAt": {
        "S": "2018-06-23T00:01:20.676197"
      },
      "tags": {
        "S": "{\"Event\":\"\",\"Site\":\"\",\"Date\":\"\",\"Round\":\"\",\"White\":\"\",\"Black\":\"\",\"Result\":\"\",\"FEN\":\"\"}"
      }
    },
    {
      "createdAt": {
        "S": "2018-06-22T20:59:51.685129"
      },
      "readonly": {
        "N": "0"
      },
      "format": {
        "S": "ALPHANUMERIC"
      },
      "rules": {
        "S": "INTERNATIONAL"
      },
      "id": {
        "S": "nK515YND4v9KzCnIM2af"
      },
      "notationHistoryId": {
        "M": {
          "createdAt": {
            "S": "2018-06-22T21:03:08.706588"
          },
          "id": {
            "S": "eFky9DAawYaivwFlviMV"
          }
        }
      },
      "boardBoxId": {
        "M": {
          "createdAt": {
            "S": "2018-06-22T20:59:51.579723"
          },
          "id": {
            "S": "ALVkGItL7edG9Tjfw7Jf"
          }
        }
      },
      "notationFen": {
        "M": {
          "size": {
            "N": "5"
          },
          "white": {
            "S": "{\"squares\":[{\"k\":false,\"number\":\"27\"},{\"k\":false,\"number\":\"28\"},{\"k\":false,\"number\":\"29\"},{\"k\":false,\"number\":\"32\"},{\"k\":false,\"number\":\"37\"}]}"
          },
          "blackTurn": {
            "N": "1"
          },
          "black": {
            "S": "{\"squares\":[{\"k\":false,\"number\":\"16\"},{\"k\":false,\"number\":\"18\"},{\"k\":false,\"number\":\"19\"},{\"k\":false,\"number\":\"21\"},{\"k\":false,\"number\":\"26\"}]}"
          },
          "asString": {
            "S": "[FEN \"B:W27,28,29,32,37:B16,18,19,21,26\"]"
          },
          "turn": {
            "S": "B"
          },
          "userId": {
            "M": {
              "createdAt": {
                "S": "2018-06-22T21:00:34.289387"
              },
              "id": {
                "S": "v90FigmGn2bNwmAv3zwB"
              }
            }
          }
        }
      },
      "prevVariantId": {
        "N": "0"
      },
      "updatedAt": {
        "S": "2018-06-22T21:06:04.570845"
      },
      "tags": {
        "S": "{\"Event\":\"\",\"Site\":\"\",\"Date\":\"\",\"Round\":\"\",\"White\":\"\",\"Black\":\"\",\"Result\":\"\",\"FEN\":\"\"}"
      }
    }
  ],
  "Count": 4,
  "ScannedCount": 4
}