{
  "Table": {
    "AttributeDefinitions": [
      {
        "AttributeName": "id",
        "AttributeType": "S"
      },
      {
        "AttributeName": "createdAt",
        "AttributeType": "S"
      },
      {
        "AttributeName": "userSession",
        "AttributeType": "S"
      },
      {
        "AttributeName": "username",
        "AttributeType": "S"
      }
    ],
    "TableName": "SHASHKIWIKISecureUser",
    "KeySchema": [
      {
        "AttributeName": "id",
        "KeyType": "HASH"
      },
      {
        "AttributeName": "createdAt",
        "KeyType": "RANGE"
      }
    ],
    "TableStatus": "ACTIVE",
    "CreationDateTime": 1529685256.661,
    "ProvisionedThroughput": {
      "LastIncreaseDateTime": 0.0,
      "LastDecreaseDateTime": 0.0,
      "NumberOfDecreasesToday": 0,
      "ReadCapacityUnits": 5,
      "WriteCapacityUnits": 5
    },
    "TableSizeBytes": 103,
    "ItemCount": 1,
    "TableArn": "arn:aws:dynamodb:ddblocal:000000000000:table/SHASHKIWIKISecureUser",
    "GlobalSecondaryIndexes": [
      {
        "IndexName": "userSessionIndex",
        "KeySchema": [
          {
            "AttributeName": "userSession",
            "KeyType": "HASH"
          },
          {
            "AttributeName": "createdAt",
            "KeyType": "RANGE"
          }
        ],
        "Projection": {
          "ProjectionType": "ALL"
        },
        "IndexStatus": "ACTIVE",
        "ProvisionedThroughput": {
          "ReadCapacityUnits": 5,
          "WriteCapacityUnits": 5
        },
        "IndexSizeBytes": 103,
        "ItemCount": 0,
        "IndexArn": "arn:aws:dynamodb:ddblocal:000000000000:table/SHASHKIWIKISecureUser/index/userSessionIndex"
      },
      {
        "IndexName": "usernameIndex",
        "KeySchema": [
          {
            "AttributeName": "username",
            "KeyType": "HASH"
          },
          {
            "AttributeName": "createdAt",
            "KeyType": "RANGE"
          }
        ],
        "Projection": {
          "ProjectionType": "ALL"
        },
        "IndexStatus": "ACTIVE",
        "ProvisionedThroughput": {
          "ReadCapacityUnits": 5,
          "WriteCapacityUnits": 5
        },
        "IndexSizeBytes": 103,
        "ItemCount": 1,
        "IndexArn": "arn:aws:dynamodb:ddblocal:000000000000:table/SHASHKIWIKISecureUser/index/usernameIndex"
      }
    ]
  }
}